{
  "a_c_boar": true,
  "a_c_cat_01": true,
  "a_c_chickenhawk": true,
  "a_c_chimp": true,
  "a_c_chop": true,
  "a_c_cormorant": true,
  "a_c_cow": true,
  "a_c_coyote": true,
  "a_c_crow": true,
  "a_c_deer": true,
  "a_c_dolphin": true,
  "a_c_fish": true,
  "a_c_hen": true,
  "a_c_humpback": true,
  "a_c_husky": true,
  "a_c_killerwhale": true,
  "a_c_mtlion": true,
  "a_c_pig": true,
  "a_c_pigeon": true,
  "a_c_poodle": true,
  "a_c_pug": true,
  "a_c_rabbit_01": true,
  "a_c_rat": true,
  "a_c_retriever": true,
  "a_c_rhesus": true,
  "a_c_rottweiler": true,
  "a_c_seagull": true,
  "a_c_sharkhammer": true,
  "a_c_sharktiger": true,
  "a_c_shepherd": true,
  "a_c_stingray": true,
  "a_c_westy": true,
  "a_f_m_beach_01": true,
  "a_f_m_bevhills_01": true,
  "a_f_m_bevhills_02": true,
  "a_f_m_bodybuild_01": true,
  "a_f_m_business_02": true,
  "a_f_m_downtown_01": true,
  "a_f_m_eastsa_01": true,
  "a_f_m_eastsa_02": true,
  "a_f_m_fatbla_01": true,
  "a_f_m_fatcult_01": true,
  "a_f_m_fatwhite_01": true,
  "a_f_m_ktown_01": true,
  "a_f_m_ktown_02": true,
  "a_f_m_prolhost_01": true,
  "a_f_m_salton_01": true,
  "a_f_m_skidrow_01": true,
  "a_f_m_soucent_01": true,
  "a_f_m_soucent_02": true,
  "a_f_m_soucentmc_01": true,
  "a_f_m_tourist_01": true,
  "a_f_m_tramp_01": true,
  "a_f_m_trampbeac_01": true,
  "a_f_o_genstreet_01": true,
  "a_f_o_indian_01": true,
  "a_f_o_ktown_01": true,
  "a_f_o_salton_01": true,
  "a_f_o_soucent_01": true,
  "a_f_o_soucent_02": true,
  "a_f_y_beach_01": true,
  "a_f_y_bevhills_01": true,
  "a_f_y_bevhills_02": true,
  "a_f_y_bevhills_03": true,
  "a_f_y_bevhills_04": true,
  "a_f_y_business_01": true,
  "a_f_y_business_02": true,
  "a_f_y_business_03": true,
  "a_f_y_business_04": true,
  "a_f_y_eastsa_01": true,
  "a_f_y_eastsa_02": true,
  "a_f_y_eastsa_03": true,
  "a_f_y_epsilon_01": true,
  "a_f_y_femaleagent": true,
  "a_f_y_fitness_01": true,
  "a_f_y_fitness_02": true,
  "a_f_y_genhot_01": true,
  "a_f_y_golfer_01": true,
  "a_f_y_hiker_01": true,
  "a_f_y_hippie_01": true,
  "a_f_y_hipster_01": true,
  "a_f_y_hipster_02": true,
  "a_f_y_hipster_03": true,
  "a_f_y_hipster_04": true,
  "a_f_y_indian_01": true,
  "a_f_y_juggalo_01": true,
  "a_f_y_runner_01": true,
  "a_f_y_rurmeth_01": true,
  "a_f_y_scdressy_01": true,
  "a_f_y_skater_01": true,
  "a_f_y_soucent_01": true,
  "a_f_y_soucent_02": true,
  "a_f_y_soucent_03": true,
  "a_f_y_tennis_01": true,
  "a_f_y_topless_01": true,
  "a_f_y_tourist_01": true,
  "a_f_y_tourist_02": true,
  "a_f_y_vinewood_01": true,
  "a_f_y_vinewood_02": true,
  "a_f_y_vinewood_03": true,
  "a_f_y_vinewood_04": true,
  "a_f_y_yoga_01": true,
  "a_m_m_acult_01": true,
  "a_m_m_afriamer_01": true,
  "a_m_m_beach_01": true,
  "a_m_m_beach_02": true,
  "a_m_m_bevhills_01": true,
  "a_m_m_bevhills_02": true,
  "a_m_m_business_01": true,
  "a_m_m_eastsa_01": true,
  "a_m_m_eastsa_02": true,
  "a_m_m_farmer_01": true,
  "a_m_m_fatlatin_01": true,
  "a_m_m_genfat_01": true,
  "a_m_m_genfat_02": true,
  "a_m_m_golfer_01": true,
  "a_m_m_hasjew_01": true,
  "a_m_m_hillbilly_01": true,
  "a_m_m_hillbilly_02": true,
  "a_m_m_indian_01": true,
  "a_m_m_ktown_01": true,
  "a_m_m_malibu_01": true,
  "a_m_m_mexcntry_01": true,
  "a_m_m_mexlabor_01": true,
  "a_m_m_og_boss_01": true,
  "a_m_m_paparazzi_01": true,
  "a_m_m_polynesian_01": true,
  "a_m_m_prolhost_01": true,
  "a_m_m_rurmeth_01": true,
  "a_m_m_salton_01": true,
  "a_m_m_salton_02": true,
  "a_m_m_salton_03": true,
  "a_m_m_salton_04": true,
  "a_m_m_skater_01": true,
  "a_m_m_skidrow_01": true,
  "a_m_m_socenlat_01": true,
  "a_m_m_soucent_01": true,
  "a_m_m_soucent_02": true,
  "a_m_m_soucent_03": true,
  "a_m_m_soucent_04": true,
  "a_m_m_stlat_02": true,
  "a_m_m_tennis_01": true,
  "a_m_m_tourist_01": true,
  "a_m_m_tramp_01": true,
  "a_m_m_trampbeac_01": true,
  "a_m_m_tranvest_01": true,
  "a_m_m_tranvest_02": true,
  "a_m_o_acult_01": true,
  "a_m_o_acult_02": true,
  "a_m_o_beach_01": true,
  "a_m_o_genstreet_01": true,
  "a_m_o_ktown_01": true,
  "a_m_o_salton_01": true,
  "a_m_o_soucent_01": true,
  "a_m_o_soucent_02": true,
  "a_m_o_soucent_03": true,
  "a_m_o_tramp_01": true,
  "a_m_y_acult_01": true,
  "a_m_y_acult_02": true,
  "a_m_y_beach_01": true,
  "a_m_y_beach_02": true,
  "a_m_y_beach_03": true,
  "a_m_y_beachvesp_01": true,
  "a_m_y_beachvesp_02": true,
  "a_m_y_bevhills_01": true,
  "a_m_y_bevhills_02": true,
  "a_m_y_breakdance_01": true,
  "a_m_y_busicas_01": true,
  "a_m_y_business_01": true,
  "a_m_y_business_02": true,
  "a_m_y_business_03": true,
  "a_m_y_cyclist_01": true,
  "a_m_y_dhill_01": true,
  "a_m_y_downtown_01": true,
  "a_m_y_eastsa_01": true,
  "a_m_y_eastsa_02": true,
  "a_m_y_epsilon_01": true,
  "a_m_y_epsilon_02": true,
  "a_m_y_gay_01": true,
  "a_m_y_gay_02": true,
  "a_m_y_genstreet_01": true,
  "a_m_y_genstreet_02": true,
  "a_m_y_golfer_01": true,
  "a_m_y_hasjew_01": true,
  "a_m_y_hiker_01": true,
  "a_m_y_hippy_01": true,
  "a_m_y_hipster_01": true,
  "a_m_y_hipster_02": true,
  "a_m_y_hipster_03": true,
  "a_m_y_indian_01": true,
  "a_m_y_jetski_01": true,
  "a_m_y_juggalo_01": true,
  "a_m_y_ktown_01": true,
  "a_m_y_ktown_02": true,
  "a_m_y_latino_01": true,
  "a_m_y_methhead_01": true,
  "a_m_y_mexthug_01": true,
  "a_m_y_motox_01": true,
  "a_m_y_motox_02": true,
  "a_m_y_musclbeac_01": true,
  "a_m_y_musclbeac_02": true,
  "a_m_y_polynesian_01": true,
  "a_m_y_roadcyc_01": true,
  "a_m_y_runner_01": true,
  "a_m_y_runner_02": true,
  "a_m_y_salton_01": true,
  "a_m_y_skater_01": true,
  "a_m_y_skater_02": true,
  "a_m_y_soucent_01": true,
  "a_m_y_soucent_02": true,
  "a_m_y_soucent_03": true,
  "a_m_y_soucent_04": true,
  "a_m_y_stbla_01": true,
  "a_m_y_stbla_02": true,
  "a_m_y_stlat_01": true,
  "a_m_y_stwhi_01": true,
  "a_m_y_stwhi_02": true,
  "a_m_y_sunbathe_01": true,
  "a_m_y_surfer_01": true,
  "a_m_y_vindouche_01": true,
  "a_m_y_vinewood_01": true,
  "a_m_y_vinewood_02": true,
  "a_m_y_vinewood_03": true,
  "a_m_y_vinewood_04": true,
  "a_m_y_yoga_01": true,
  "cs_amandatownley": true,
  "cs_andreas": true,
  "cs_ashley": true,
  "cs_bankman": true,
  "cs_barry": true,
  "cs_beverly": true,
  "cs_brad": true,
  "cs_bradcadaver": true,
  "cs_carbuyer": true,
  "cs_casey": true,
  "cs_chengsr": true,
  "cs_chrisformage": true,
  "cs_clay": true,
  "cs_dale": true,
  "cs_davenorton": true,
  "cs_debra": true,
  "cs_denise": true,
  "cs_devin": true,
  "cs_dom": true,
  "cs_dreyfuss": true,
  "cs_drfriedlander": true,
  "cs_fabien": true,
  "cs_fbisuit_01": true,
  "cs_floyd": true,
  "cs_guadalope": true,
  "cs_gurk": true,
  "cs_hunter": true,
  "cs_janet": true,
  "cs_jewelass": true,
  "cs_jimmyboston": true,
  "cs_jimmydisanto": true,
  "cs_joeminuteman": true,
  "cs_johnnyklebitz": true,
  "cs_josef": true,
  "cs_josh": true,
  "cs_karen_daniels": true,
  "cs_lamardavis": true,
  "cs_lazlow": true,
  "cs_lestercrest": true,
  "cs_lifeinvad_01": true,
  "cs_magenta": true,
  "cs_manuel": true,
  "cs_marnie": true,
  "cs_martinmadrazo": true,
  "cs_maryann": true,
  "cs_michelle": true,
  "cs_milton": true,
  "cs_molly": true,
  "cs_movpremf_01": true,
  "cs_movpremmale": true,
  "cs_mrk": true,
  "cs_mrs_thornhill": true,
  "cs_mrsphillips": true,
  "cs_natalia": true,
  "cs_nervousron": true,
  "cs_nigel": true,
  "cs_old_man1a": true,
  "cs_old_man2": true,
  "cs_omega": true,
  "cs_orleans": true,
  "cs_paper": true,
  "cs_patricia": true,
  "cs_priest": true,
  "cs_prolsec_02": true,
  "cs_russiandrunk": true,
  "cs_siemonyetarian": true,
  "cs_solomon": true,
  "cs_stevehains": true,
  "cs_stretch": true,
  "cs_tanisha": true,
  "cs_taocheng": true,
  "cs_taostranslator": true,
  "cs_tenniscoach": true,
  "cs_terry": true,
  "cs_tom": true,
  "cs_tomepsilon": true,
  "cs_tracydisanto": true,
  "cs_wade": true,
  "cs_zimbor": true,
  "csb_abigail": true,
  "csb_agent": true,
  "csb_anita": true,
  "csb_anton": true,
  "csb_ballasog": true,
  "csb_bride": true,
  "csb_burgerdrug": true,
  "csb_car3guy1": true,
  "csb_car3guy2": true,
  "csb_chef": true,
  "csb_chef2": true,
  "csb_chin_goon": true,
  "csb_cletus": true,
  "csb_cop": true,
  "csb_customer": true,
  "csb_denise_friend": true,
  "csb_fos_rep": true,
  "csb_g": true,
  "csb_groom": true,
  "csb_grove_str_dlr": true,
  "csb_hao": true,
  "csb_hugh": true,
  "csb_imran": true,
  "csb_jackhowitzer": true,
  "csb_janitor": true,
  "csb_maude": true,
  "csb_money": true,
  "csb_mp_agent14": true,
  "csb_mweather": true,
  "csb_ortega": true,
  "csb_oscar": true,
  "csb_paige": true,
  "csb_popov": true,
  "csb_porndudes": true,
  "csb_prologuedriver": true,
  "csb_prolsec": true,
  "csb_ramp_gang": true,
  "csb_ramp_hic": true,
  "csb_ramp_hipster": true,
  "csb_ramp_marine": true,
  "csb_ramp_mex": true,
  "csb_rashcosvki": true,
  "csb_reporter": true,
  "csb_roccopelosi": true,
  "csb_screen_writer": true,
  "csb_stripper_01": true,
  "csb_stripper_02": true,
  "csb_tonya": true,
  "csb_trafficwarden": true,
  "csb_undercover": true,
  "csb_vagspeak": true,
  "g_f_importexport_01": true,
  "g_f_y_ballas_01": true,
  "g_f_y_families_01": true,
  "g_f_y_lost_01": true,
  "g_f_y_vagos_01": true,
  "g_m_importexport_01": true,
  "g_m_m_armboss_01": true,
  "g_m_m_armgoon_01": true,
  "g_m_m_armlieut_01": true,
  "g_m_m_chemwork_01": true,
  "g_m_m_chiboss_01": true,
  "g_m_m_chicold_01": true,
  "g_m_m_chigoon_01": true,
  "g_m_m_chigoon_02": true,
  "g_m_m_korboss_01": true,
  "g_m_m_mexboss_01": true,
  "g_m_m_mexboss_02": true,
  "g_m_y_armgoon_02": true,
  "g_m_y_azteca_01": true,
  "g_m_y_ballaeast_01": true,
  "g_m_y_ballaorig_01": true,
  "g_m_y_ballasout_01": true,
  "g_m_y_famca_01": true,
  "g_m_y_famdnf_01": true,
  "g_m_y_famfor_01": true,
  "g_m_y_korean_01": true,
  "g_m_y_korean_02": true,
  "g_m_y_korlieut_01": true,
  "g_m_y_lost_01": true,
  "g_m_y_lost_02": true,
  "g_m_y_lost_03": true,
  "g_m_y_mexgang_01": true,
  "g_m_y_mexgoon_01": true,
  "g_m_y_mexgoon_02": true,
  "g_m_y_mexgoon_03": true,
  "g_m_y_pologoon_01": true,
  "g_m_y_pologoon_02": true,
  "g_m_y_salvaboss_01": true,
  "g_m_y_salvagoon_01": true,
  "g_m_y_salvagoon_02": true,
  "g_m_y_salvagoon_03": true,
  "g_m_y_strpunk_01": true,
  "g_m_y_strpunk_02": true,
  "hc_driver": true,
  "hc_gunman": true,
  "hc_hacker": true,
  "ig_abigail": true,
  "ig_agent": true,
  "ig_amandatownley": true,
  "ig_andreas": true,
  "ig_ashley": true,
  "ig_avon": true,
  "ig_ballasog": true,
  "ig_bankman": true,
  "ig_barry": true,
  "ig_benny": true,
  "ig_bestmen": true,
  "ig_beverly": true,
  "ig_brad": true,
  "ig_bride": true,
  "ig_car3guy1": true,
  "ig_car3guy2": true,
  "ig_casey": true,
  "ig_chef": true,
  "ig_chef2": true,
  "ig_chengsr": true,
  "ig_chrisformage": true,
  "ig_clay": true,
  "ig_claypain": true,
  "ig_cletus": true,
  "ig_dale": true,
  "ig_davenorton": true,
  "ig_denise": true,
  "ig_devin": true,
  "ig_dom": true,
  "ig_dreyfuss": true,
  "ig_drfriedlander": true,
  "ig_fabien": true,
  "ig_fbisuit_01": true,
  "ig_floyd": true,
  "ig_g": true,
  "ig_groom": true,
  "ig_hao": true,
  "ig_hunter": true,
  "ig_janet": true,
  "ig_jay_norris": true,
  "ig_jewelass": true,
  "ig_jimmyboston": true,
  "ig_jimmydisanto": true,
  "ig_joeminuteman": true,
  "ig_johnnyklebitz": true,
  "ig_josef": true,
  "ig_josh": true,
  "ig_karen_daniels": true,
  "ig_kerrymcintosh": true,
  "ig_lamardavis": true,
  "ig_lazlow": true,
  "ig_lestercrest_2": true,
  "ig_lestercrest": true,
  "ig_lifeinvad_01": true,
  "ig_lifeinvad_02": true,
  "ig_magenta": true,
  "ig_malc": true,
  "ig_manuel": true,
  "ig_marnie": true,
  "ig_maryann": true,
  "ig_maude": true,
  "ig_michelle": true,
  "ig_milton": true,
  "ig_molly": true,
  "ig_money": true,
  "ig_mp_agent14": true,
  "ig_mrk": true,
  "ig_mrs_thornhill": true,
  "ig_mrsphillips": true,
  "ig_natalia": true,
  "ig_nervousron": true,
  "ig_nigel": true,
  "ig_old_man1a": true,
  "ig_old_man2": true,
  "ig_omega": true,
  "ig_oneil": true,
  "ig_orleans": true,
  "ig_ortega": true,
  "ig_paige": true,
  "ig_paper": true,
  "ig_patricia": true,
  "ig_popov": true,
  "ig_priest": true,
  "ig_prolsec_02": true,
  "ig_ramp_gang": true,
  "ig_ramp_hic": true,
  "ig_ramp_hipster": true,
  "ig_ramp_mex": true,
  "ig_rashcosvki": true,
  "ig_roccopelosi": true,
  "ig_russiandrunk": true,
  "ig_screen_writer": true,
  "ig_siemonyetarian": true,
  "ig_solomon": true,
  "ig_stevehains": true,
  "ig_stretch": true,
  "ig_talina": true,
  "ig_tanisha": true,
  "ig_taocheng": true,
  "ig_taostranslator": true,
  "ig_tenniscoach": true,
  "ig_terry": true,
  "ig_tomepsilon": true,
  "ig_tonya": true,
  "ig_tracydisanto": true,
  "ig_trafficwarden": true,
  "ig_tylerdix": true,
  "ig_vagspeak": true,
  "ig_wade": true,
  "ig_zimbor": true,
  "mp_f_boatstaff_01": true,
  "mp_f_cardesign_01": true,
  "mp_f_chbar_01": true,
  "mp_f_cocaine_01": true,
  "mp_f_counterfeit_01": true,
  "mp_f_deadhooker": true,
  "mp_f_execpa_01": true,
  "mp_f_execpa_02": true,
  "mp_f_forgery_01": true,
  "mp_f_freemode_01": true,
  "mp_f_helistaff_01": true,
  "mp_f_meth_01": true,
  "mp_f_misty_01": true,
  "mp_f_stripperlite": true,
  "mp_f_weed_01": true,
  "mp_g_m_pros_01": true,
  "mp_m_avongoon": true,
  "mp_m_boatstaff_01": true,
  "mp_m_bogdangoon": true,
  "mp_m_claude_01": true,
  "mp_m_cocaine_01": true,
  "mp_m_counterfeit_01": true,
  "mp_m_exarmy_01": true,
  "mp_m_execpa_01": true,
  "mp_m_famdd_01": true,
  "mp_m_fibsec_01": true,
  "mp_m_forgery_01": true,
  "mp_m_freemode_01": true,
  "mp_m_g_vagfun_01": true,
  "mp_m_marston_01": true,
  "mp_m_meth_01": true,
  "mp_m_niko_01": true,
  "mp_m_securoguard_01": true,
  "mp_m_shopkeep_01": true,
  "mp_m_waremech_01": true,
  "mp_m_weapexp_01": true,
  "mp_m_weapwork_01": true,
  "mp_m_weed_01": true,
  "mp_s_m_armoured_01": true,
  "player_one": true,
  "player_two": true,
  "player_zero": true,
  "s_f_m_fembarber": true,
  "s_f_m_maid_01": true,
  "s_f_m_shop_high": true,
  "s_f_m_sweatshop_01": true,
  "s_f_y_airhostess_01": true,
  "s_f_y_bartender_01": true,
  "s_f_y_baywatch_01": true,
  "s_f_y_cop_01": true,
  "s_f_y_factory_01": true,
  "s_f_y_hooker_01": true,
  "s_f_y_hooker_02": true,
  "s_f_y_hooker_03": true,
  "s_f_y_migrant_01": true,
  "s_f_y_movprem_01": true,
  "s_f_y_ranger_01": true,
  "s_f_y_scrubs_01": true,
  "s_f_y_sheriff_01": true,
  "s_f_y_shop_low": true,
  "s_f_y_shop_mid": true,
  "s_f_y_stripper_01": true,
  "s_f_y_stripper_02": true,
  "s_f_y_stripperlite": true,
  "s_f_y_sweatshop_01": true,
  "s_m_m_ammucountry": true,
  "s_m_m_armoured_01": true,
  "s_m_m_armoured_02": true,
  "s_m_m_autoshop_01": true,
  "s_m_m_autoshop_02": true,
  "s_m_m_bouncer_01": true,
  "s_m_m_ccrew_01": true,
  "s_m_m_chemsec_01": true,
  "s_m_m_ciasec_01": true,
  "s_m_m_cntrybar_01": true,
  "s_m_m_dockwork_01": true,
  "s_m_m_doctor_01": true,
  "s_m_m_fiboffice_01": true,
  "s_m_m_fiboffice_02": true,
  "s_m_m_fibsec_01": true,
  "s_m_m_gaffer_01": true,
  "s_m_m_gardener_01": true,
  "s_m_m_gentransport": true,
  "s_m_m_hairdress_01": true,
  "s_m_m_highsec_01": true,
  "s_m_m_highsec_02": true,
  "s_m_m_janitor": true,
  "s_m_m_lathandy_01": true,
  "s_m_m_lifeinvad_01": true,
  "s_m_m_linecook": true,
  "s_m_m_lsmetro_01": true,
  "s_m_m_mariachi_01": true,
  "s_m_m_marine_01": true,
  "s_m_m_marine_02": true,
  "s_m_m_migrant_01": true,
  "s_m_m_movalien_01": true,
  "s_m_m_movprem_01": true,
  "s_m_m_movspace_01": true,
  "s_m_m_paramedic_01": true,
  "s_m_m_pilot_01": true,
  "s_m_m_pilot_02": true,
  "s_m_m_postal_01": true,
  "s_m_m_postal_02": true,
  "s_m_m_prisguard_01": true,
  "s_m_m_scientist_01": true,
  "s_m_m_security_01": true,
  "s_m_m_snowcop_01": true,
  "s_m_m_strperf_01": true,
  "s_m_m_strpreach_01": true,
  "s_m_m_strvend_01": true,
  "s_m_m_trucker_01": true,
  "s_m_m_ups_01": true,
  "s_m_m_ups_02": true,
  "s_m_o_busker_01": true,
  "s_m_y_airworker": true,
  "s_m_y_ammucity_01": true,
  "s_m_y_armymech_01": true,
  "s_m_y_autopsy_01": true,
  "s_m_y_barman_01": true,
  "s_m_y_baywatch_01": true,
  "s_m_y_blackops_01": true,
  "s_m_y_blackops_02": true,
  "s_m_y_blackops_03": true,
  "s_m_y_busboy_01": true,
  "s_m_y_chef_01": true,
  "s_m_y_clown_01": true,
  "s_m_y_construct_01": true,
  "s_m_y_construct_02": true,
  "s_m_y_cop_01": true,
  "s_m_y_dealer_01": true,
  "s_m_y_devinsec_01": true,
  "s_m_y_dockwork_01": true,
  "s_m_y_doorman_01": true,
  "s_m_y_dwservice_01": true,
  "s_m_y_dwservice_02": true,
  "s_m_y_factory_01": true,
  "s_m_y_fireman_01": true,
  "s_m_y_garbage": true,
  "s_m_y_grip_01": true,
  "s_m_y_hwaycop_01": true,
  "s_m_y_marine_01": true,
  "s_m_y_marine_02": true,
  "s_m_y_marine_03": true,
  "s_m_y_mime": true,
  "s_m_y_pestcont_01": true,
  "s_m_y_pilot_01": true,
  "s_m_y_prismuscl_01": true,
  "s_m_y_prisoner_01": true,
  "s_m_y_ranger_01": true,
  "s_m_y_robber_01": true,
  "s_m_y_sheriff_01": true,
  "s_m_y_shop_mask": true,
  "s_m_y_strvend_01": true,
  "s_m_y_swat_01": true,
  "s_m_y_uscg_01": true,
  "s_m_y_valet_01": true,
  "s_m_y_waiter_01": true,
  "s_m_y_winclean_01": true,
  "s_m_y_xmech_01": true,
  "s_m_y_xmech_02_mp": true,
  "s_m_y_xmech_02": true,
  "u_f_m_corpse_01": true,
  "u_f_m_drowned_01": true,
  "u_f_m_miranda": true,
  "u_f_m_promourn_01": true,
  "u_f_o_moviestar": true,
  "u_f_o_prolhost_01": true,
  "u_f_y_bikerchic": true,
  "u_f_y_comjane": true,
  "u_f_y_corpse_01": true,
  "u_f_y_corpse_02": true,
  "u_f_y_hotposh_01": true,
  "u_f_y_jewelass_01": true,
  "u_f_y_mistress": true,
  "u_f_y_poppymich": true,
  "u_f_y_princess": true,
  "u_f_y_spyactress": true,
  "u_m_m_aldinapoli": true,
  "u_m_m_bankman": true,
  "u_m_m_bikehire_01": true,
  "u_m_m_doa_01": true,
  "u_m_m_edtoh": true,
  "u_m_m_fibarchitect": true,
  "u_m_m_filmdirector": true,
  "u_m_m_glenstank_01": true,
  "u_m_m_griff_01": true,
  "u_m_m_jesus_01": true,
  "u_m_m_jewelsec_01": true,
  "u_m_m_jewelthief": true,
  "u_m_m_markfost": true,
  "u_m_m_partytarget": true,
  "u_m_m_prolsec_01": true,
  "u_m_m_promourn_01": true,
  "u_m_m_rivalpap": true,
  "u_m_m_spyactor": true,
  "u_m_m_streetart_01": true,
  "u_m_m_willyfist": true,
  "u_m_o_filmnoir": true,
  "u_m_o_finguru_01": true,
  "u_m_o_taphillbilly": true,
  "u_m_o_tramp_01": true,
  "u_m_y_abner": true,
  "u_m_y_antonb": true,
  "u_m_y_babyd": true,
  "u_m_y_baygor": true,
  "u_m_y_burgerdrug_01": true,
  "u_m_y_chip": true,
  "u_m_y_corpse_01": true,
  "u_m_y_cyclist_01": true,
  "u_m_y_fibmugger_01": true,
  "u_m_y_guido_01": true,
  "u_m_y_gunvend_01": true,
  "u_m_y_hippie_01": true,
  "u_m_y_imporage": true,
  "u_m_y_juggernaut_01": true,
  "u_m_y_justin": true,
  "u_m_y_mani": true,
  "u_m_y_militarybum": true,
  "u_m_y_paparazzi": true,
  "u_m_y_party_01": true,
  "u_m_y_pogo_01": true,
  "u_m_y_prisoner_01": true,
  "u_m_y_proldriver_01": true,
  "u_m_y_rsranger_01": true,
  "u_m_y_sbike": true,
  "u_m_y_staggrm_01": true,
  "u_m_y_tattoo_01": true,
  "u_m_y_zombie_01": true,
}